frame,timestamp_ms,ring_color_pixels,ring_annotation_visible,ring_white_pixels,ring_white_excluding_color,ring_unaligned_flip_ratio,triangle_color_pixels,triangle_annotation_visible,triangle_white_pixels,triangle_white_excluding_color,triangle_unaligned_flip_ratio,rectangle_color_pixels,rectangle_annotation_visible,rectangle_white_pixels,rectangle_white_excluding_color,rectangle_unaligned_flip_ratio
0,0.0,597,1,1436,1326,0.0,877,1,741,718,0.0,0,0,1088,1088,0.0
1,17.0,603,1,1430,1339,0.3370998116760829,877,1,723,702,0.3826879271070615,0,0,1109,1109,0.4593267882187938
2,33.0,603,1,1430,1339,0.0,1333,1,713,687,0.0,0,0,1109,1109,0.0
3,50.0,582,1,1374,1280,0.5745494265428728,1334,1,707,672,0.577124868835257,0,0,1062,1062,0.6110044785668586
4,67.0,589,1,1464,1372,0.03598774885145482,1332,1,707,680,0.0,0,0,1062,1062,0.0
5,83.0,591,1,1593,1498,0.7019536574284416,1327,1,727,698,0.8200514138817481,0,0,1130,1130,0.7594793435200905
6,100.0,587,1,1579,1493,0.0,0,0,749,749,0.0,0,0,1130,1130,0.0
7,117.0,558,1,1594,1533,0.3923444976076555,0,0,750,750,0.4070138150903294,0,0,1114,1114,0.4051172707889126
8,133.0,963,1,1485,1394,0.05238095238095238,662,1,737,714,0.0,319,1,1279,1234,0.14147130153597412
9,150.0,964,1,1523,1443,0.6148946594806467,663,1,723,697,0.6327519379844961,319,1,1313,1270,0.31039136302294196
10,167.0,392,1,1640,1614,0.04794058068872384,0,0,736,736,0.0,318,1,1302,1262,0.0032076984763432237
11,183.0,392,1,1608,1576,0.4574468085106383,0,0,738,738,0.5376984126984127,318,1,1254,1214,0.5296912114014252
12,200.0,402,1,1517,1484,0.04571796522858983,1327,1,709,679,0.0,318,1,1254,1214,0.0
13,217.0,402,1,1546,1520,0.2785100286532951,1329,1,700,668,0.21618037135278514,318,1,1254,1214,0.13946360153256704
14,233.0,402,1,1546,1520,0.0,1335,1,706,680,0.0,318,1,1254,1214,0.0
15,250.0,402,1,1569,1533,0.3536717062634989,1334,1,717,693,0.39344262295081966,318,1,1264,1220,0.3729946524064171
16,267.0,402,1,1569,1533,0.0,1328,1,708,680,0.0,0,0,1105,1105,0.15134255492270138
17,283.00000000000006,402,1,1558,1532,0.596603946764571,1328,1,712,678,0.6803118908382066,0,0,1059,1059,0.704191616766467
18,300.0,392,1,1660,1635,0.035916824196597356,414,1,737,718,0.0,0,0,1059,1059,0.0
19,317.0,392,1,1664,1632,0.4217391304347826,414,1,732,720,0.41804180418041803,0,0,1038,1038,0.3943338437978561
20,333.0,390,1,1658,1629,0.0,423,1,730,716,0.0,0,0,1038,1038,0.0
21,350.00000000000006,390,1,1713,1682,0.26649214659685866,423,1,720,702,0.2956730769230769,0,0,1079,1079,0.3422083007047768
22,367.0,390,1,1698,1674,0.0,0,0,731,731,0.0,0,0,1079,1079,0.0
23,383.0,390,1,1696,1654,0.39537126325940214,0,0,734,734,0.4398296059637913,0,0,1084,1084,0.4831697054698457
24,400.0,396,1,1693,1660,0.0,0,0,734,734,0.0,0,0,1084,1084,0.0
25,417.0,396,1,1745,1710,0.36961780358006774,0,0,756,756,0.3926645091693635,0,0,1141,1141,0.43859649122807015
26,433.0,398,1,1738,1711,0.0,416,1,744,722,0.0,0,0,1141,1141,0.0
27,450.0,398,1,1713,1698,0.6636613092904743,416,1,731,698,0.6924493554327809,0,0,1148,1148,0.6691860465116279
28,467.0,653,1,1650,1609,0.0,874,1,716,694,0.0,319,1,1111,1064,0.03636363636363636
29,483.0,675,1,1613,1570,0.5845948352626892,874,1,732,702,0.6660268714011516,319,1,1079,1042,0.6746381371932033
30,500.0,400,1,1669,1636,0.0,424,1,749,730,0.0,0,0,1136,1136,0.05716878402903811
31,517.0,400,1,1702,1668,0.3976721629485936,424,1,747,739,0.4681960375391032,0,0,1145,1145,0.44829931972789117
32,533.0,394,1,1697,1668,0.0,654,1,747,720,0.0,0,0,1145,1145,0.0
33,550.0,394,1,1739,1709,0.7218016654049962,654,1,729,710,0.823045267489712,0,0,1071,1071,0.7153623188405797
34,567.0000000000001,391,1,1747,1707,0.0,880,1,721,693,0.0,0,0,1071,1071,0.0
35,583.0,391,1,1681,1645,0.516157591854803,878,1,716,684,0.5761658031088083,0,0,1053,1053,0.49575070821529743
36,600.0,394,1,1672,1643,0.0,0,0,740,740,0.0,0,0,1053,1053,0.0
37,617.0,394,1,1661,1633,0.5129369042215162,0,0,762,762,0.5360623781676414,0,0,1106,1106,0.5548862115127176
38,633.0,395,1,1669,1630,0.0,0,0,762,762,0.0,0,0,1106,1106,0.0
39,650.0,395,1,1759,1731,0.7746992344148742,0,0,748,748,0.8312693498452013,0,0,1116,1116,0.8008634646519158
40,667.0,694,1,1636,1595,0.0,417,1,740,722,0.0,319,1,1100,1058,0.017707362534948742
41,683.0,678,1,1601,1556,0.6352173913043478,417,1,733,717,0.6870437956204379,319,1,1075,1043,0.7149847094801223
42,700.0000000000001,397,1,1676,1652,0.0,873,1,720,694,0.0,0,0,1076,1076,0.003835091083413231
43,717.0,397,1,1709,1667,0.5430201931518877,873,1,734,712,0.5992023928215354,0,0,1080,1080,0.4827586206896552
44,733.0,398,1,1702,1669,0.0,0,0,752,752,0.0,0,0,1080,1080,0.0
45,750.0,398,1,1722,1703,0.7025779145825317,0,0,742,742,0.772391125718981,0,0,1063,1063,0.44934876989869754
46,767.0,400,1,1723,1680,0.0,426,1,731,708,0.0,0,0,1063,1063,0.0
47,783.0,400,1,1799,1752,0.3940102948058025,425,1,723,702,0.3680555555555556,0,0,1132,1132,0.370452858203415
48,800.0,675,1,1708,1634,0.0,659,1,719,696,0.0,0,0,1132,1132,0.0
49,817.0000000000001,671,1,1713,1653,0.30927835051546393,659,1,732,712,0.27450980392156865,0,0,1126,1126,0.3767074047447879
50,833.0,671,1,1713,1653,0.0,863,1,724,702,0.0,0,0,1126,1126,0.0
51,850.0,638,1,1742,1718,0.6498194945848376,862,1,721,688,0.6498054474708171,0,0,1141,1141,0.5679090334807327
52,867.0,394,1,1724,1696,0.0,870,1,712,693,0.0,321,1,1118,1070,0.025547445255474453
53,883.0,394,1,1746,1721,0.7765843179377014,868,1,720,706,0.8815052041633307,320,1,1100,1050,0.78205865439908
54,900.0,398,1,1735,1699,0.0,0,0,739,739,0.0,0,0,1100,1100,0.0019047619047619048
55,917.0,398,1,1776,1724,0.6324410707151419,0,0,740,740,0.6591115140525838,0,0,1127,1127,0.6624624624624624
56,933.0,658,1,1712,1661,0.0,1118,1,712,684,0.0,0,0,1127,1127,0.0
57,950.0000000000001,638,1,1702,1666,0.6493083807973963,1119,1,714,678,0.6427145708582834,0,0,1135,1135,0.5993808049535604
58,967.0,397,1,1683,1652,0.0,0,0,743,743,0.0,319,1,1104,1057,0.017674418604651163
59,983.0,397,1,1661,1643,0.7287808641975309,0,0,754,754,0.7566445182724253,319,1,1079,1034,0.7590504451038576
60,1000.0,397,1,1648,1621,0.0,0,0,754,754,0.0,0,0,1080,1080,0.0009671179883945841
61,1017.0000000000001,397,1,1728,1690,0.574687903572966,0,0,740,740,0.62557497700092,0,0,1087,1087,0.4274310595065312
62,1033.0,404,1,1720,1683,0.0,422,1,725,704,0.0,0,0,1087,1087,0.0
63,1050.0,404,1,1733,1703,0.5417743324720069,422,1,717,697,0.5689479060265578,0,0,1113,1113,0.6682808716707022
64,1067.0,397,1,1718,1693,0.0,0,0,732,732,0.0,319,1,1086,1042,0.01885014137606032
65,1083.0,397,1,1714,1681,0.4530032095369097,0,0,738,738,0.5502958579881657,319,1,1087,1033,0.3492442322991249
66,1100.0,400,1,1707,1678,0.0,867,1,711,689,0.0,321,1,1104,1054,0.0
67,1117.0,400,1,1683,1640,0.4986425339366516,866,1,719,693,0.4706533776301218,321,1,1117,1067,0.44501466275659823
68,1133.0,678,1,1586,1541,0.0,0,0,738,738,0.0,320,1,1117,1076,0.0
69,1150.0000000000002,680,1,1606,1546,0.5743992606284658,0,0,745,745,0.6166044776119403,320,1,1105,1066,0.42035398230088494
70,1167.0,404,1,1674,1645,0.0,662,1,732,708,0.0,320,1,1107,1057,0.0
71,1183.0,404,1,1680,1651,0.6704316256555063,662,1,738,722,0.6697674418604651,320,1,1109,1055,0.5910607071380921
72,1200.0,401,1,1661,1637,0.0,0,0,749,749,0.0,315,1,1018,975,0.09302325581395349
73,1217.0,401,1,1791,1765,0.572986577181208,0,0,739,739,0.6067415730337079,315,1,992,949,0.5695167286245353
74,1233.0,670,1,1709,1642,0.0,868,1,726,696,0.0,0,0,1064,1064,0.0798442064264849
75,1250.0,664,1,1627,1589,0.8287272727272728,870,1,715,681,0.9093078758949881,0,0,1117,1117,0.7983471074380165
76,1267.0000000000002,401,1,1671,1644,0.0,876,1,714,691,0.0,315,1,1011,968,0.10065237651444547
77,1283.0,401,1,1714,1682,0.2837977296181631,876,1,723,696,0.26841448189762795,315,1,1040,998,0.3630308076602831
78,1300.0,401,1,1714,1682,0.0,0,0,744,744,0.0,0,0,1131,1131,0.09215328467153285
79,1317.0,401,1,1703,1668,0.32667332667332666,0,0,739,739,0.491353001017294,0,0,1129,1129,0.4084507042253521
80,1333.0,401,1,1703,1675,0.0,872,1,713,689,0.0,320,1,1030,987,0.10228310502283106
81,1350.0,401,1,1717,1698,0.7778985507246376,875,1,711,687,0.8309137489325363,320,1,869,830,0.8022412656558998
82,1367.0,400,1,1711,1678,0.0,658,1,721,696,0.0,0,0,1073,1073,0.13507853403141362
83,1383.0,400,1,1742,1723,0.7961061946902654,662,1,730,716,0.8667736757624398,0,0,1146,1146,0.7979414951245937
84,1400.0000000000002,398,1,1728,1696,0.0,870,1,717,696,0.0,320,1,1120,1078,0.028933092224231464
85,1417.0,398,1,1796,1772,0.6873580620741863,868,1,700,677,0.7793594306049823,320,1,1066,1023,0.6958410924891372
86,1433.0,670,1,1730,1674,0.0,418,1,712,697,0.0,0,0,1073,1073,0.0039100684261974585
87,1450.0,675,1,1798,1745,0.7720244516361021,418,1,759,730,0.8860265417642467,0,0,1243,1243,0.6915254237288135
88,1467.0,674,1,1789,1720,0.0,868,1,759,735,0.0,319,1,1139,1100,0.0796979865771812
89,1483.0,674,1,1605,1557,0.7494270435446906,869,1,715,704,0.790717299578059,319,1,977,929,0.6491344873501997
90,1500.0,397,1,1672,1646,0.0,882,1,709,691,0.0,322,1,1091,1047,0.09416581371545547
91,1517.0000000000002,397,1,1722,1689,0.5366388767003072,882,1,724,691,0.5596234309623431,322,1,1106,1050,0.4161631419939577
92,1533.0000000000002,401,1,1696,1676,0.0,1120,1,731,699,0.0,322,1,1110,1067,0.0
93,1550.0,401,1,1707,1695,0.8303261623872311,1120,1,725,690,0.9927007299270073,322,1,1092,1049,0.547700754975978
94,1567.0,667,1,1626,1569,0.0,0,0,743,743,0.0,319,1,1106,1057,0.0009871668311944718
95,1583.0,681,1,1628,1586,0.7458100558659218,0,0,742,742,0.7521008403361344,319,1,1025,978,0.6594202898550725
96,1600.0,674,1,1617,1570,0.0,422,1,740,721,0.0,0,0,1073,1073,0.04873294346978557
97,1617.0,671,1,1561,1495,0.46976511744127936,422,1,735,721,0.4240437158469945,0,0,1123,1123,0.46540880503144655
98,1633.0,397,1,1636,1605,0.0,659,1,721,698,0.0,0,0,1123,1123,0.0
99,1650.0000000000002,397,1,1732,1706,0.6441441441441441,661,1,724,689,0.6481481481481481,0,0,1095,1095,0.6450824679291387
100,1667.0,391,1,1712,1690,0.0,423,1,738,718,0.0,0,0,1095,1095,0.0
101,1683.0,391,1,1711,1689,0.6805935181569699,423,1,733,727,0.7313432835820896,0,0,1067,1067,0.5421443020903574
102,1700.0,682,1,1607,1568,0.0,0,0,737,737,0.0,0,0,1067,1067,0.0
103,1717.0,688,1,1653,1615,0.6858205870194295,0,0,752,752,0.6961471103327496,0,0,1090,1090,0.7106993424985056
104,1733.0,393,1,1713,1691,0.0,1117,1,717,688,0.0,0,0,1090,1090,0.0
105,1750.0,393,1,1804,1767,0.5234842015371477,1120,1,714,690,0.5782383419689119,0,0,1098,1098,0.6090273363000636
106,1767.0000000000002,666,1,1759,1697,0.0,857,1,717,695,0.0,0,0,1098,1098,0.0
107,1783.0000000000002,669,1,1670,1606,0.48202764976958523,858,1,721,698,0.5464994775339603,0,0,1092,1092,0.5834411384217335
108,1800.0,668,1,1656,1596,0.0,858,1,721,698,0.0,0,0,1092,1092,0.0
109,1817.0,678,1,1719,1632,0.4217221135029354,856,1,717,693,0.4486607142857143,0,0,1059,1059,0.47985865724381627
110,1833.0,679,1,1711,1638,0.0,658,1,721,696,0.0,0,0,1059,1059,0.0
111,1850.0,668,1,1673,1613,0.353596757852077,657,1,716,688,0.34767025089605735,0,0,1094,1094,0.43075801749271136
112,1867.0,667,1,1659,1604,0.0,871,1,729,700,0.0,0,0,1094,1094,0.0
113,1883.0,677,1,1696,1633,0.660455486542443,870,1,728,711,0.6920222634508348,0,0,1055,1055,0.6054510058403634
114,1900.0000000000002,676,1,1685,1612,0.0,873,1,723,699,0.0014749262536873156,0,0,1055,1055,0.0
115,1917.0,661,1,1708,1652,0.3558467741935484,870,1,721,695,0.4066437571592211,0,0,1081,1081,0.40477968633308437
116,1933.0,661,1,1708,1652,0.0,661,1,736,713,0.0,0,0,1081,1081,0.0
117,1950.0,677,1,1717,1650,0.5973639455782312,660,1,719,685,0.6154608523290387,0,0,1064,1064,0.6677018633540373
118,1967.0,679,1,1707,1634,0.0,0,0,735,735,0.0,0,0,1064,1064,0.0
119,1983.0,675,1,1711,1648,0.6810310108739428,0,0,733,733,0.7344827586206897,0,0,1066,1066,0.6123778501628665
120,2000.0,677,1,1701,1631,0.0,1119,1,719,689,0.0,0,0,1066,1066,0.0
121,2017.0,666,1,1709,1654,0.30546955624355004,1118,1,716,693,0.32524271844660196,0,0,1078,1078,0.4338933528122717
122,2033.0,664,1,1723,1661,0.0,423,1,725,709,0.0,0,0,1078,1078,0.0
123,2050.0,669,1,1733,1685,0.49392165691130124,423,1,730,717,0.4732334047109208,0,0,1067,1067,0.42972181551976574
124,2067.0,664,1,1719,1664,0.0,420,1,743,722,0.0,0,0,1067,1067,0.0
125,2083.0,660,1,1694,1645,0.6680096696212732,420,1,731,724,0.6984698469846985,0,0,1049,1049,0.5295343988881167
126,2100.0,663,1,1678,1624,0.0,659,1,709,688,0.0,0,0,1049,1049,0.0
127,2117.0,673,1,1753,1696,0.6702811244979919,662,1,716,686,0.6976303317535545,0,0,1075,1075,0.6261319534282018
128,2133.0,677,1,1750,1676,0.0,417,1,731,714,0.0,0,0,1075,1075,0.0
129,2150.0,681,1,1735,1662,0.6150332225913622,416,1,729,697,0.6650898770104068,0,0,1070,1070,0.4904996481351161
130,2167.0000000000005,678,1,1717,1646,0.0,664,1,737,711,0.0,0,0,1070,1070,0.0
131,2183.0,659,1,1725,1676,0.630686517783292,661,1,735,727,0.6456173421300659,0,0,1045,1045,0.6545801526717557
132,2200.0,655,1,1702,1653,0.0,419,1,735,716,0.0,0,0,1045,1045,0.0
133,2217.0,673,1,1710,1636,0.3810463968410661,420,1,735,716,0.3855693348365276,0,0,1075,1075,0.4480234260614934
134,2233.0,676,1,1713,1643,0.0,0,0,738,738,0.0,0,0,1075,1075,0.0
135,2250.0,671,1,1694,1626,0.3077720207253886,0,0,743,743,0.37609649122807015,0,0,1066,1066,0.35686876438986953
136,2267.0,673,1,1678,1618,0.0,661,1,731,707,0.0,0,0,1066,1066,0.0
137,2283.0,664,1,1702,1651,0.23255813953488372,662,1,728,710,0.2518518518518518,0,0,1047,1047,0.2722812755519215
138,2300.0000000000005,662,1,1716,1658,0.0,0,0,737,737,0.0,0,0,1047,1047,0.0
139,2317.0,659,1,1728,1678,0.49458483754512633,0,0,735,735,0.5324027916251246,0,0,1086,1086,0.45098039215686275
140,2333.0,659,1,1716,1664,0.0,423,1,730,712,0.0,0,0,1086,1086,0.0
141,2350.0,671,1,1739,1685,0.6467017401861594,423,1,734,707,0.6861111111111111,0,0,1091,1091,0.5863636363636363
142,2367.0,675,1,1730,1660,0.0,659,1,733,709,0.0,0,0,1091,1091,0.0
143,2383.0,670,1,1687,1636,0.7471439451637472,660,1,711,676,0.7933740191804708,0,0,1095,1095,0.7670614777213762
144,2400.0,665,1,1678,1616,0.0,0,0,725,725,0.0,314,1,1014,970,0.07197696737044146
145,2417.0000000000005,671,1,1723,1662,0.6452814569536424,0,0,741,741,0.6768953068592057,314,1,973,922,0.5870052277819268
146,2433.0,673,1,1699,1638,0.0,0,0,741,741,0.0,0,0,1066,1066,0.08648111332007952
147,2450.0,673,1,1707,1638,0.25093432995194875,0,0,739,739,0.2359952324195471,0,0,1075,1075,0.303486529318542
148,2467.0,673,1,1709,1645,0.0,407,1,732,713,0.0,0,0,1075,1075,0.0
149,2483.0,675,1,1715,1642,0.17287381878821567,407,1,733,715,0.1855146124523507,0,0,1069,1069,0.18305084745762712
150,2500.0,675,1,1715,1642,0.0,0,0,741,741,0.0,0,0,1069,1069,0.0
151,2517.0,639,1,1721,1682,0.6718687474989996,0,0,739,739,0.8064516129032258,0,0,1121,1121,0.7967032967032966
152,2533.0,394,1,1705,1681,0.0,1113,1,711,688,0.0,0,0,1121,1121,0.0
153,2550.0000000000005,394,1,1736,1703,0.41350210970464135,1113,1,704,674,0.46214689265536724,0,0,1138,1138,0.33774834437086093
154,2567.0,397,1,1732,1700,0.0,666,1,719,697,0.0,0,0,1138,1138,0.0
155,2583.0,397,1,1759,1737,0.678076923076923,664,1,713,700,0.7088724584103512,0,0,1072,1072,0.47375690607734805
156,2600.0,657,1,1705,1662,0.0,422,1,710,693,0.0,0,0,1072,1072,0.0
157,2617.0,657,1,1728,1669,0.4685057471264368,422,1,734,714,0.5047821466524973,0,0,1117,1117,0.46815955213435967
158,2633.0,657,1,1726,1672,0.0,1117,1,717,690,0.0,0,0,1117,1117,0.0
159,2650.0,677,1,1700,1639,0.6886417791898332,1117,1,714,677,0.7379629629629629,0,0,1063,1063,0.752146536920435
160,2667.0000000000005,679,1,1686,1622,0.0,655,1,722,696,0.0,0,0,1063,1063,0.0
161,2683.0000000000005,675,1,1683,1624,0.6162046908315565,654,1,724,707,0.6234021632251721,0,0,1068,1068,0.4821937321937322
162,2700.0,673,1,1669,1606,0.0,658,1,720,699,0.0,0,0,1068,1068,0.0
163,2717.0,659,1,1723,1657,0.4848766868310842,659,1,727,709,0.5494845360824743,0,0,1111,1111,0.5306810519217802
164,2733.0,659,1,1718,1664,0.0,422,1,730,714,0.0,0,0,1111,1111,0.0
165,2750.0,675,1,1747,1693,0.39646102343376377,422,1,732,715,0.38165345413363533,0,0,1075,1075,0.49759450171821307
166,2767.0,675,1,1730,1669,0.0,0,0,746,746,0.0,0,0,1075,1075,0.0
167,2783.0,669,1,1711,1642,0.5287049399198932,0,0,735,735,0.5759615384615384,0,0,1081,1081,0.4795486600846262
168,2800.0000000000005,669,1,1697,1635,0.0,419,1,733,715,0.0,0,0,1081,1081,0.0
169,2817.0,654,1,1736,1688,0.33350075339025614,419,1,729,713,0.3642611683848797,0,0,1126,1126,0.42806267806267806
170,2833.0,654,1,1736,1688,0.0,416,1,719,702,0.0,0,0,1126,1126,0.0
171,2850.0,658,1,1732,1676,0.19290703922622246,416,1,728,710,0.1966794380587484,0,0,1115,1115,0.20576461168935148
172,2867.0,658,1,1732,1676,0.0,0,0,737,737,0.0,0,0,1115,1115,0.0
173,2883.0,665,1,1726,1671,0.3505917159763314,0,0,735,735,0.3824175824175824,0,0,1074,1074,0.43082437275985663
174,2900.0,665,1,1726,1671,0.0,0,0,735,735,0.0,0,0,1074,1074,0.0
175,2917.0000000000005,679,1,1702,1632,0.3878847093307279,0,0,748,748,0.4206602768903088,0,0,1090,1090,0.4375451263537906
176,2933.0000000000005,679,1,1702,1632,0.0,0,0,748,748,0.0,0,0,1090,1090,0.0
177,2950.0,672,1,1705,1637,0.21139101861993428,0,0,746,746,0.24028268551236748,0,0,1066,1066,0.19581589958158996
178,2967.0,671,1,1687,1630,0.0,0,0,746,746,0.0,0,0,1066,1066,0.0
179,2983.0,672,1,1713,1642,0.34430379746835443,0,0,758,758,0.4084656084656085,0,0,1067,1067,0.42350332594235035
180,3000.0,673,1,1713,1648,0.0,654,1,738,715,0.0,0,0,1067,1067,0.0
181,3017.0,677,1,1731,1649,0.5342526690391459,654,1,727,691,0.49571734475374735,0,0,1053,1053,0.4514243973703433
182,3033.0,675,1,1710,1646,0.0,657,1,719,703,0.0,0,0,1053,1053,0.0
183,3050.0000000000005,670,1,1655,1599,0.36629667003027244,656,1,715,687,0.3758782201405152,0,0,1080,1080,0.38163884673748105
184,3067.0,670,1,1655,1599,0.0,0,0,738,738,0.0,0,0,1080,1080,0.0
185,3083.0,664,1,1635,1579,0.3929113924050633,0,0,735,735,0.4688149688149688,0,0,1075,1075,0.4607142857142857
186,3100.0,400,1,1704,1666,0.0,419,1,723,703,0.0,0,0,1075,1075,0.0
187,3117.0,400,1,1734,1707,0.7390654205607476,419,1,735,726,0.8091666666666667,0,0,1115,1115,0.8091353996737357
188,3133.0,647,1,1700,1663,0.0,417,1,735,721,0.0,316,1,1075,1034,0.03903345724907063
189,3150.0,647,1,1711,1666,0.3371628371628372,417,1,746,733,0.27928994082840236,316,1,1087,1044,0.2208904109589041
190,3167.0000000000005,648,1,1727,1673,0.0,871,1,726,698,0.0,316,1,1087,1044,0.0
191,3183.0000000000005,640,1,1711,1681,0.5399040558220671,871,1,723,687,0.5602910602910602,316,1,1102,1072,0.6051417270929466
192,3200.0,398,1,1718,1678,0.0005988023952095808,870,1,725,699,0.0,0,0,1110,1110,0.004642525533890436
193,3217.0,398,1,1730,1688,0.19614147909967847,868,1,726,700,0.13981358189081225,0,0,1109,1109,0.18709150326797386
194,3233.0,394,1,1715,1681,0.0,0,0,747,747,0.0,321,1,1090,1044,0.007611798287345386
195,3250.0,394,1,1674,1644,0.48519362186788156,0,0,740,740,0.4841997961264016,321,1,1081,1025,0.5641915336571826
196,3267.0,398,1,1674,1644,0.0,0,0,740,740,0.0,0,0,1087,1087,0.000975609756097561
197,3283.0,398,1,1796,1773,0.7792068595927116,0,0,743,743,0.9222383720930233,0,0,1053,1053,0.43452816386247256
198,3300.0000000000005,679,1,1689,1622,0.0,414,1,740,718,0.0,0,0,1053,1053,0.0
199,3317.0,671,1,1687,1628,0.6361344537815126,414,1,745,735,0.7003577817531306,0,0,1048,1048,0.42030075187969923
200,3333.0,400,1,1766,1723,0.0,0,0,749,749,0.0,0,0,1048,1048,0.0
201,3350.0,400,1,1741,1719,0.818805765271105,0,0,754,754,0.8052464228934817,0,0,1149,1149,0.8085683297180043
202,3367.0,393,1,1715,1687,0.0,421,1,740,723,0.0,320,1,1103,1060,0.03909090909090909
203,3383.0,393,1,1716,1697,0.7368421052631579,421,1,737,711,0.8331977217249796,320,1,1081,1040,0.5127478753541076
204,3400.0,686,1,1609,1567,0.0,422,1,745,728,0.0,0,0,1124,1124,0.046875
205,3417.0000000000005,688,1,1667,1588,0.5547913801008711,422,1,733,725,0.6407857811038353,0,0,1083,1083,0.6180338134001252
206,3433.0000000000005,680,1,1711,1640,0.0006447453255963894,658,1,720,697,0.0,0,0,1083,1083,0.0
207,3450.0,671,1,1724,1663,0.3236641221374046,657,1,731,702,0.42390078917700114,0,0,1083,1083,0.37265214124718254
208,3467.0,673,1,1737,1669,0.0,422,1,740,722,0.0,0,0,1083,1083,0.0
209,3483.0,673,1,1669,1600,0.4591016548463357,422,1,733,716,0.4454054054054054,0,0,1061,1061,0.555256064690027
210,3500.0,400,1,1737,1696,0.0,0,0,738,738,0.0,0,0,1061,1061,0.0
211,3517.0,400,1,1719,1696,0.7053435114503817,0,0,740,740,0.8032388663967611,0,0,1073,1073,0.4133828996282528
212,3533.0,398,1,1703,1668,0.0,0,0,740,740,0.0,0,0,1073,1073,0.0
213,3550.0000000000005,398,1,1770,1741,0.6504354711005542,0,0,741,741,0.7265692175408427,0,0,1043,1043,0.4610909090909091
214,3567.0,668,1,1669,1614,0.0,868,1,722,695,0.0,0,0,1043,1043,0.0
215,3583.0,670,1,1686,1621,0.3843078460769615,866,1,717,689,0.3480861244019139,0,0,1063,1063,0.3378058405682715
216,3600.0,400,1,1756,1722,0.0,0,0,743,743,0.0,0,0,1063,1063,0.0
217,3617.0,400,1,1786,1763,0.7206314243759178,0,0,740,740,0.7814297452752671,0,0,1128,1128,0.7841287458379578
218,3633.0,666,1,1706,1653,0.0,657,1,725,700,0.0,0,0,1128,1128,0.0
219,3650.0,648,1,1712,1663,0.3037909836065574,659,1,747,719,0.29447115384615385,0,0,1141,1141,0.38963804116394607
220,3667.0000000000005,646,1,1712,1668,0.0,666,1,749,723,0.0,321,1,1097,1045,0.03515263644773358
221,3683.0000000000005,673,1,1741,1663,0.5191793041926851,669,1,726,703,0.5253360910031024,321,1,1002,952,0.600843288826423
222,3700.0,676,1,1730,1659,0.0,655,1,731,708,0.0,0,0,1062,1062,0.04904904904904905
223,3717.0,673,1,1708,1640,0.3111225012813942,653,1,727,697,0.38550057537399307,0,0,1072,1072,0.3978978978978979
224,3733.0,673,1,1722,1647,0.0,415,1,741,723,0.0,0,0,1072,1072,0.0
225,3750.0,681,1,1701,1633,0.7025742574257425,414,1,731,703,0.7728055077452668,0,0,1039,1039,0.4899856938483548
226,3767.0,679,1,1682,1611,0.0,0,0,745,745,0.0,0,0,1039,1039,0.0
227,3783.0,667,1,1656,1597,0.5014031805425632,0,0,735,735,0.5700483091787439,0,0,1059,1059,0.4319880418535127
228,3800.0000000000005,671,1,1653,1585,0.0,419,1,728,708,0.0,0,0,1059,1059,0.0
229,3817.0,677,1,1694,1619,0.42864149092692494,419,1,734,711,0.3652073732718894,0,0,1051,1051,0.4027252081756245
230,3833.0,673,1,1676,1618,0.0,0,0,741,741,0.0,0,0,1051,1051,0.0
231,3850.0,672,1,1685,1621,0.4283632831471588,0,0,740,740,0.422790202342918,0,0,1066,1066,0.33699921445404557
232,3867.0,676,1,1682,1616,0.0,0,0,740,740,0.0,0,0,1066,1066,0.0
233,3883.0,669,1,1586,1524,0.4624816086316822,0,0,741,741,0.5307539682539683,0,0,1071,1071,0.585704831237591
234,3900.0,398,1,1643,1615,0.0,0,0,741,741,0.0,0,0,1071,1071,0.0
235,3917.0000000000005,398,1,1816,1784,0.5573005093378608,0,0,738,738,0.6164639850327409,0,0,1059,1059,0.6213592233009708
236,3933.0000000000005,677,1,1739,1668,0.0,659,1,725,710,0.0,0,0,1059,1059,0.0
237,3950.0,669,1,1716,1648,0.232,659,1,721,703,0.213653603034134,0,0,1075,1075,0.25081967213114753
238,3967.0,671,1,1727,1657,0.0,665,1,714,692,0.0,0,0,1075,1075,0.0
239,3983.0,671,1,1621,1574,0.6573688592839301,668,1,723,693,0.7784642541924095,0,0,1094,1094,0.7598627787307033
240,4000.0,400,1,1677,1647,0.0,0,0,754,754,0.0,0,0,1094,1094,0.0
241,4017.0000000000005,400,1,1680,1642,0.5036396724294814,0,0,748,748,0.4919678714859438,0,0,1131,1131,0.5626614987080103
242,4033.0000000000005,399,1,1679,1641,0.0,0,0,748,748,0.0,317,1,1106,1060,0.020389249304911955
243,4050.0,399,1,1662,1618,0.4133398247322298,0,0,766,766,0.3859275053304904,317,1,1123,1065,0.3749043611323642
244,4067.0,400,1,1646,1614,0.0,0,0,766,766,0.0,0,0,1127,1127,0.0065420560747663555
245,4083.0,400,1,1646,1608,0.17346938775510204,0,0,746,746,0.2336448598130841,0,0,1132,1132,0.23515625
246,4100.0,400,1,1646,1608,0.0,870,1,732,707,0.0,321,1,1111,1065,0.004677268475210477
247,4117.0,400,1,1703,1662,0.45170454545454547,870,1,738,717,0.3774230330672748,321,1,1082,1032,0.3290836653386454
248,4133.0,398,1,1690,1660,0.0,0,0,747,747,0.0,0,0,1088,1088,0.0009689922480620155
249,4150.0,398,1,1662,1641,0.7120561841591885,0,0,757,757,0.7772357723577236,0,0,1121,1121,0.5956770502225047
250,4167.0,399,1,1663,1616,0.0,0,0,757,757,0.0,0,0,1121,1121,0.0
251,4183.0,399,1,1675,1638,0.34233316352521653,0,0,741,741,0.2682080924855491,0,0,1113,1113,0.3328358208955224
252,4200.0,397,1,1663,1629,0.0,1326,1,720,687,0.0,319,1,1083,1044,0.027153558052434457
253,4217.000000000001,397,1,1675,1648,0.643064182194617,1322,1,721,697,0.6803827751196172,318,1,1114,1065,0.5531914893617021
254,4233.0,400,1,1657,1627,0.0,419,1,731,715,0.0,0,0,1125,1125,0.0130475302889096
255,4250.0,400,1,1723,1687,0.5933786078098472,418,1,736,701,0.5924453280318092,0,0,1075,1075,0.49211788896504455
256,4267.0,397,1,1714,1676,0.0,0,0,750,750,0.0,0,0,1075,1075,0.0
257,4283.0,397,1,1702,1665,0.35742379547689285,0,0,735,735,0.3893709327548807,0,0,1090,1090,0.363567649281935
258,4300.0,399,1,1694,1660,0.0,0,0,735,735,0.0,0,0,1090,1090,0.0
259,4317.0,399,1,1704,1668,0.45496750232126276,0,0,755,755,0.48114169215086644,0,0,1144,1144,0.4730006835269993
260,4333.0,395,1,1704,1668,0.0,418,1,739,723,0.0,317,1,1114,1075,0.033393501805054154
261,4350.000000000001,395,1,1671,1630,0.46318732525629075,417,1,731,705,0.4220994475138122,317,1,1104,1060,0.35262345679012347
262,4367.0,397,1,1658,1625,0.0,0,0,746,746,0.0,319,1,1097,1057,0.0028735632183908046
263,4383.0,397,1,1710,1671,0.5265981224854717,0,0,746,746,0.5598455598455598,319,1,1113,1069,0.32992930086410055
264,4400.0,399,1,1701,1667,0.0,0,0,746,746,0.0,321,1,1123,1081,0.0019138755980861245
265,4417.0,399,1,1718,1688,0.6289333878218226,0,0,742,742,0.6570397111913358,321,1,1112,1065,0.3888888888888889
266,4433.0,394,1,1701,1673,0.0,869,1,720,698,0.0,316,1,1110,1068,0.0009514747859181732
267,4450.0,394,1,1673,1645,0.6064678706425871,868,1,726,694,0.5709876543209876,316,1,1096,1055,0.47813620071684587
268,4467.000000000001,400,1,1670,1634,0.0,418,1,749,734,0.0,0,0,1104,1104,0.006591337099811676
269,4483.0,400,1,1678,1635,0.2252985884907709,418,1,740,727,0.23337363966142685,0,0,1163,1163,0.18349358974358973
270,4500.0,400,1,1663,1627,0.0,0,0,742,742,0.0,321,1,1147,1104,0.021314387211367674
271,4517.0,400,1,1776,1743,0.7326062429484769,0,0,736,736,0.7280550774526678,321,1,1042,995,0.737063778580024
272,4533.0,659,1,1720,1669,0.0,0,0,736,736,0.0,0,0,1094,1094,0.05338417540514776
273,4550.0,662,1,1751,1704,0.6268839103869653,0,0,740,740,0.6903283052351376,0,0,1069,1069,0.5618351063829787
274,4567.0,660,1,1741,1687,0.0,862,1,725,702,0.0,0,0,1069,1069,0.0
275,4583.0,637,1,1751,1717,0.4805543138131426,859,1,726,704,0.5121693121693122,0,0,1150,1150,0.5304635761589404
276,4600.000000000001,396,1,1745,1709,0.0,870,1,716,693,0.0,0,0,1150,1150,0.0
277,4617.0,396,1,1769,1725,0.5721413721413722,868,1,719,706,0.6384015594541911,0,0,1150,1150,0.4717607973421927
278,4633.0,394,1,1766,1728,0.0,871,1,719,700,0.0,314,1,1113,1072,0.036036036036036036
279,4650.0,394,1,1730,1703,0.37161841480778357,871,1,721,703,0.42889137737961924,314,1,1076,1031,0.45253863134657835
280,4667.0,394,1,1721,1692,0.0,1325,1,713,689,0.0,0,0,1123,1123,0.04810360777058279
281,4683.0,394,1,1769,1745,0.5583053691275168,1327,1,712,679,0.514689880304679,0,0,1083,1083,0.5438943894389439
282,4700.0,654,1,1724,1676,0.0,1317,1,717,690,0.0,0,0,1083,1083,0.0
283,4717.000000000001,652,1,1734,1684,0.40247383444338725,1314,1,706,686,0.4321550741163056,0,0,1079,1079,0.2949526813880126
284,4733.000000000001,650,1,1719,1679,0.0,1327,1,704,676,0.0,0,0,1079,1079,0.0
285,4750.0,647,1,1685,1644,0.18216630196936542,1328,1,715,684,0.14850136239782016,0,0,1096,1096,0.1536502546689304
286,4767.0,647,1,1685,1644,0.0,1325,1,700,676,0.0,0,0,1096,1096,0.0
287,4783.0,659,1,1730,1671,0.4061597690086622,1322,1,703,671,0.35653235653235654,0,0,1061,1061,0.3596958174904943
288,4800.0,661,1,1732,1671,0.0,869,1,712,689,0.0,0,0,1061,1061,0.0
289,4817.0,649,1,1705,1655,0.4735875057418466,871,1,721,688,0.5653082549634274,0,0,1097,1097,0.42366691015339664
290,4833.0,399,1,1718,1688,0.0,1329,1,721,692,0.0,0,0,1097,1097,0.0
291,4850.000000000001,399,1,1800,1763,0.4482913669064748,1327,1,717,694,0.45139664804469276,0,0,1047,1047,0.5345181134654818
292,4867.0,674,1,1730,1656,0.0,429,1,735,716,0.0,0,0,1047,1047,0.0
293,4883.0,653,1,1735,1698,0.7084942084942085,429,1,733,728,0.7311072056239016,0,0,1072,1072,0.724262492474413
294,4900.0,651,1,1710,1671,0.0,1324,1,706,677,0.0,0,0,1072,1072,0.0
295,4917.0,636,1,1668,1630,0.648559670781893,1318,1,714,685,0.7234242709313264,0,0,1127,1127,0.7562217194570136
296,4933.0,398,1,1668,1637,0.0,870,1,726,706,0.0,0,0,1127,1127,0.0
297,4950.0,398,1,1650,1620,0.3424936386768448,871,1,730,707,0.3222354340071344,0,0,1119,1119,0.3605839416058394
298,4967.000000000001,398,1,1650,1620,0.0,0,0,746,746,0.0,313,1,1129,1086,0.005504587155963303
299,4983.000000000001,398,1,1638,1608,0.345463864684777,0,0,764,764,0.34611171960569553,314,1,1143,1100,0.2800944138473643
300,5000.0,398,1,1638,1608,0.0,870,1,746,727,0.0,314,1,1134,1088,0.0
301,5017.0,398,1,1706,1675,0.47444237918215615,872,1,713,696,0.4785867237687366,314,1,1109,1065,0.4954577218728162
302,5033.0,394,1,1706,1675,0.0,415,1,721,708,0.0,316,1,1099,1062,0.0
303,5050.0,394,1,1685,1653,0.639967306906416,415,1,743,738,0.65237651444548,316,1,1110,1065,0.6614222781623663
304,5067.0,398,1,1681,1642,0.0,0,0,748,748,0.0,316,1,1119,1079,0.0
305,5083.0,398,1,1728,1684,0.4902405810258738,0,0,748,748,0.52465483234714,315,1,1115,1072,0.45806451612903226
306,5100.000000000001,394,1,1729,1692,0.0,0,0,748,748,0.0,313,1,1114,1072,0.000946969696969697
307,5117.0,394,1,1709,1684,0.37301204819277106,0,0,733,733,0.4211087420042644,314,1,1127,1083,0.34485407066052226
308,5133.0,394,1,1701,1670,0.0,868,1,706,684,0.0,316,1,1116,1079,0.0
309,5150.0,394,1,1684,1662,0.6856015779092702,869,1,724,692,0.6482758620689655,316,1,1119,1082,0.48986722571628233
310,5167.0,399,1,1684,1642,0.0,872,1,722,698,0.0,322,1,1135,1093,0.0009389671361502347
311,5183.0,399,1,1718,1678,0.3035258048032703,872,1,714,690,0.227330779054917,322,1,1114,1079,0.22113022113022113
312,5200.0,397,1,1710,1668,0.0,871,1,712,686,0.0,0,0,1104,1104,0.006463527239150508
313,5217.000000000001,397,1,1720,1694,0.6953822273961972,869,1,725,709,0.7608888888888888,0,0,1060,1060,0.5781865965834428
314,5233.000000000001,398,1,1702,1671,0.0,0,0,741,741,0.0,0,0,1060,1060,0.0
315,5250.0,398,1,1720,1699,0.6658749010292954,0,0,752,752,0.7304421768707483,0,0,1137,1137,0.5997450605481198
316,5267.0,397,1,1709,1667,0.0,0,0,752,752,0.0,0,0,1137,1137,0.0
317,5283.0,397,1,1687,1650,0.3513916500994036,0,0,743,743,0.3993576017130621,0,0,1126,1126,0.41192982456140353
318,5300.0,397,1,1672,1642,0.0,0,0,743,743,0.0,317,1,1103,1055,0.025949953660797033
319,5317.0,397,1,1670,1624,0.4907578558225508,0,0,734,734,0.4882292732855681,318,1,1142,1092,0.3947565543071161
320,5333.0,400,1,1658,1626,0.0,869,1,710,685,0.0,321,1,1126,1087,0.0018744142455482662
321,5350.000000000001,400,1,1660,1620,0.30761209593326383,869,1,724,700,0.2793017456359102,321,1,1116,1069,0.23278688524590163
322,5367.0,399,1,1653,1618,0.0,0,0,751,751,0.0,0,0,1137,1137,0.014760147601476014
323,5383.0,399,1,1659,1617,0.46900141978230003,0,0,731,731,0.4969574036511156,0,0,1134,1134,0.4737903225806452
324,5400.0,397,1,1652,1616,0.0,870,1,703,683,0.0,317,1,1103,1062,0.03290676416819013
325,5417.0,397,1,1736,1695,0.34367183591795897,870,1,729,704,0.3289156626506024,317,1,1139,1098,0.3747178329571106
326,5433.0,393,1,1736,1695,0.0,1323,1,733,705,0.0,0,0,1173,1173,0.03527336860670194
327,5450.0,393,1,1701,1672,0.7178217821782178,1319,1,728,706,0.7148080438756855,0,0,1114,1114,0.6908986834573555
328,5467.000000000001,400,1,1688,1653,0.0,0,0,754,754,0.0,321,1,1094,1050,0.01224105461393597
329,5483.000000000001,400,1,1811,1779,0.40074557315936626,0,0,736,736,0.4670781893004115,321,1,1029,984,0.4988929889298893
330,5500.0,679,1,1732,1666,0.0,419,1,727,706,0.0,0,0,1042,1042,0.0010162601626016261
331,5517.0,674,1,1714,1661,0.695054945054945,418,1,727,698,0.752,0,0,1113,1113,0.6446540880503144
332,5533.0,672,1,1701,1636,0.0,0,0,740,740,0.0,0,0,1113,1113,0.0
333,5550.0,688,1,1631,1579,0.6211340206185567,0,0,744,744,0.6557971014492754,0,0,1158,1158,0.6727060198714202
334,5567.0,393,1,1696,1667,0.0,870,1,720,699,0.0,0,0,1158,1158,0.0
335,5583.0,393,1,1723,1699,0.779107725788901,870,1,743,728,0.820215410107705,0,0,1082,1082,0.7806205770277627
336,5600.000000000001,398,1,1725,1680,0.0,0,0,757,757,0.0,0,0,1082,1082,0.0
337,5617.0,398,1,1697,1678,0.4743298500681508,0,0,737,737,0.5537270087124879,0,0,1134,1134,0.5197060788243153
338,5633.0,400,1,1679,1652,0.0,0,0,737,737,0.0,316,1,1126,1084,0.003676470588235294
339,5650.0,400,1,1792,1750,0.7875980042765502,0,0,746,746,0.8782148260211801,316,1,1023,984,0.7359413202933985
340,5667.0,674,1,1713,1652,0.0,0,0,746,746,0.0,0,0,1105,1105,0.06729857819905213
341,5683.0,676,1,1710,1643,0.6321695760598504,0,0,735,735,0.6657657657657657,0,0,1062,1062,0.6794637416209628
342,5700.0,674,1,1706,1636,0.0,0,0,735,735,0.0,0,0,1062,1062,0.0
343,5717.000000000001,637,1,1689,1673,0.6275488972118186,0,0,731,731,0.706090026478376,0,0,1091,1091,0.7732193732193732
344,5733.000000000001,395,1,1696,1657,0.0,417,1,721,705,0.0,0,0,1091,1091,0.0
345,5750.0,395,1,1740,1715,0.7534195933456562,417,1,750,745,0.8381410256410257,0,0,1148,1148,0.7183743560389239
346,5767.0,394,1,1727,1692,0.0,1318,1,728,695,0.0,0,0,1148,1148,0.0
347,5783.0,394,1,1749,1700,0.4574806730331969,1317,1,704,670,0.5169029443838604,0,0,1139,1139,0.47938829787234044
348,5800.0,394,1,1724,1697,0.0,870,1,713,688,0.0,0,0,1139,1139,0.0
349,5817.0,394,1,1796,1769,0.7105654761904762,872,1,717,690,0.7666068222621185,0,0,1055,1055,0.7831392124237382
350,5833.0,670,1,1722,1655,0.0,417,1,735,717,0.0,0,0,1055,1055,0.0
351,5850.000000000001,638,1,1728,1705,0.7538118259576051,417,1,745,739,0.7815899581589958,0,0,1117,1117,0.7790893760539629
352,5867.0,394,1,1715,1678,0.0,872,1,730,702,0.0,0,0,1117,1117,0.0
353,5883.0,394,1,1735,1688,0.48310049571879227,872,1,718,687,0.5395152792413066,0,0,1118,1118,0.4092526690391459
354,5900.0,394,1,1711,1686,0.0,1327,1,711,686,0.0,0,0,1118,1118,0.0
355,5917.0,394,1,1814,1774,0.58370855505526,1328,1,696,669,0.5960539979231568,0,0,1063,1063,0.6717417783191231
356,5933.0,663,1,1739,1687,0.0,862,1,710,686,0.0,0,0,1063,1063,0.0
357,5950.0,657,1,1720,1673,0.5740976645435244,857,1,717,700,0.607035175879397,0,0,1078,1078,0.5183391003460207
358,5967.000000000001,660,1,1716,1662,0.0,869,1,705,681,0.0,314,1,1022,981,0.06226053639846743
359,5983.000000000001,639,1,1611,1579,0.7081665332265813,871,1,724,696,0.7601442741208295,313,1,1123,1081,0.6891290527654164
